0,1,2,3,4,5,6,7,8,9,10,11,12,13,14,15,16,17,18,19,20,21,22,23,24,25,26,27,28,29,30,31,32,33,34,35,36,37,38,39,40,41,42,43,44,45,46,47,48,49,50,51,52,53,54,55,56,57,58,59,60,61,62,63,64,65,66,67,68,69,70,71,72,73,74,75,76,77,78,79,80,81,82,83,84,85,86,87,88,89,90,91,92,93,94,95,96,97,98,99
0.0,79.981,50.968,62.148,66.056,19.723,28.515,36.767,89.452,60.146,59.877,41.818,44.185,37.718,17.127,48.996,32.015,59.936,22.245,54.758,54.726,27.207,5.769,67.748,63.14,37.019,40.153,76.379,57.393,58.28,86.351,35.47,65.58,49.633,58.722,61.723,100.953,26.809,44.284,88.109,42.108,36.235,33.641,30.64,32.613,98.154,72.635,33.623,66.681,50.158,52.987,56.518,6.138,58.833,75.046,55.899,31.706,11.345,65.96,82.032,54.186,52.982,60.665,21.516,24.234,27.533,94.796,76.367,29.981,31.329,30.798,3.594,69.948,24.255,81.191,71.103,104.233,1.987,91.652,80.354,55.133,36.82,86.477,21.833,21.302,24.08,42.145,20.265,19.415,92.111,81.341,86.374,34.825,36.211,53.414,48.617,27.962,57.06,49.829,67.585
79.981,0.0,112.455,86.003,43.713,88.776,64.746,99.038,169.433,140.127,91.008,72.949,59.732,42.263,85.81,37.483,78.754,91.067,79.38,25.223,96.869,52.774,85.75,12.233,30.713,66.248,110.744,156.36,43.43,113.029,6.37,115.451,35.559,106.07,89.853,119.692,95.962,95.618,98.099,62.4,106.925,67.366,113.622,61.771,63.744,92.677,46.518,113.604,146.662,29.823,91.454,23.463,75.321,89.964,68.135,87.03,111.687,84.342,118.935,109.283,72.021,26.999,97.282,64.313,56.995,107.514,79.259,14.812,109.962,48.652,61.495,83.575,38.817,62.15,111.986,82.72,73.102,77.994,60.521,96.269,100.022,64.233,166.458,58.148,101.283,55.901,63.006,81.966,99.396,12.13,161.322,166.355,109.78,58.952,133.395,76.358,98.975,91.961,34.42,147.566
50.968,112.455,0.0,26.452,68.742,70.691,47.709,14.201,56.978,27.672,110.845,92.786,52.723,70.192,68.095,74.972,33.701,110.904,33.075,87.232,15.586,59.681,45.403,100.222,95.614,46.207,91.121,43.905,69.025,7.312,118.825,60.68,98.054,100.601,109.69,10.755,49.985,24.159,95.252,50.055,93.076,87.203,34.953,81.608,83.581,47.186,65.937,81.881,51.115,82.632,21.001,88.992,44.83,109.801,44.32,106.867,37.638,62.313,14.992,31.064,40.434,85.456,15.173,48.142,55.46,71.423,43.828,108.841,69.835,63.803,50.96,53.412,85.066,75.223,30.223,29.735,53.265,51.903,55.844,29.386,12.433,48.222,54.003,54.307,33.392,56.554,49.449,71.233,43.557,124.585,48.867,53.9,16.143,78.789,20.94,36.097,78.93,108.028,82.303,35.111
62.148,86.003,26.452,0.0,42.29,81.871,33.633,25.381,83.43,54.124,122.025,103.966,26.271,71.73,79.275,48.52,30.133,122.084,39.903,60.78,10.866,43.401,56.583,73.77,69.162,25.129,102.301,70.357,42.573,27.026,92.373,71.86,71.602,111.781,120.87,33.689,38.805,35.339,106.432,25.961,104.256,98.383,46.133,92.788,94.761,36.006,39.485,93.061,62.295,56.18,9.161,62.54,56.01,120.981,17.868,118.047,48.818,73.493,32.932,23.28,13.982,59.004,11.279,40.632,37.914,82.603,32.648,82.389,81.015,57.749,31.35,64.592,58.614,86.403,25.983,8.955,42.085,63.083,29.504,18.206,14.019,25.328,80.455,52.323,44.572,63.798,22.997,82.413,54.737,98.133,75.319,80.352,27.323,89.969,47.392,13.531,90.11,119.208,65.437,61.563
66.056,43.713,68.742,42.29,0.0,85.779,37.541,55.325,125.72,96.414,125.933,107.874,21.871,75.638,83.183,17.06,35.041,125.992,43.811,26.91,53.156,47.309,60.491,33.732,65.638,29.037,106.209,112.647,8.663,69.316,50.083,75.768,70.484,115.689,124.778,75.979,52.249,51.905,110.34,22.053,108.164,102.291,69.909,96.696,98.669,48.964,6.579,96.969,102.949,18.762,47.741,20.25,59.918,124.889,24.422,121.955,67.974,77.401,75.222,65.57,28.308,18.826,53.569,44.54,41.822,86.511,35.546,49.737,84.923,61.657,35.258,68.5,16.324,90.311,68.273,39.007,38.177,66.991,25.596,52.556,56.309,29.236,122.745,56.231,57.57,67.706,23.911,86.321,58.645,55.843,117.609,122.642,66.067,93.877,89.682,32.645,94.018,123.116,69.345,103.853
19.723,88.776,70.691,81.871,85.779,0.0,48.238,56.49,80.657,64.975,40.154,41.211,63.908,46.513,2.966,68.719,51.738,40.213,41.968,63.553,74.449,38.47,25.288,76.543,71.935,56.742,21.968,67.584,77.116,78.003,95.146,26.675,74.375,29.91,38.999,81.446,120.676,46.532,24.561,107.832,22.385,40.642,35.738,35.353,39.09,117.877,92.358,24.828,57.886,67.017,72.71,66.277,25.861,39.11,94.769,36.176,33.053,8.378,85.683,101.755,73.909,66.953,80.388,41.239,43.957,18.738,114.519,85.162,21.186,40.124,50.521,17.279,89.671,26.626,100.914,90.826,123.956,18.788,111.375,100.077,74.856,56.543,77.682,30.628,37.299,32.875,61.868,6.81,27.134,100.906,72.546,77.579,54.548,45.006,71.761,68.34,10.199,37.337,58.624,58.79
28.515,64.746,47.709,33.633,37.541,48.238,0.0,34.292,104.687,75.381,88.392,70.333,15.67,38.097,45.642,27.263,14.008,88.451,14.634,39.523,32.123,11.972,22.95,52.513,47.905,8.504,68.668,91.614,28.878,48.283,71.116,50.705,50.345,78.148,87.237,54.946,72.438,30.872,72.799,59.594,70.623,64.75,48.876,59.155,61.128,69.639,44.12,59.428,81.916,34.923,26.708,41.283,22.377,87.348,46.531,84.414,46.941,39.86,54.189,53.517,25.671,37.747,32.536,6.999,7.751,48.97,66.281,61.132,47.382,24.116,3.251,30.959,41.433,52.77,52.676,42.588,75.718,29.45,63.137,51.839,35.276,8.305,101.712,18.69,36.537,30.165,13.63,48.78,34.65,76.876,96.576,101.609,45.034,56.336,68.649,20.102,56.477,85.575,34.594,82.82
36.767,99.038,14.201,25.381,55.325,56.49,34.292,0.0,70.395,41.089,96.644,78.585,39.306,56.775,53.894,61.555,20.284,96.703,19.658,73.815,17.959,46.264,31.202,86.805,82.197,32.79,76.92,57.322,55.608,21.513,105.408,46.479,84.637,86.4,95.489,24.956,64.186,9.958,81.051,51.342,78.875,73.002,20.752,67.407,69.38,61.387,52.52,67.68,47.624,69.215,16.22,75.575,30.629,95.6,38.279,92.666,23.437,48.112,29.193,45.265,27.017,72.039,23.898,34.725,42.043,57.222,58.029,95.424,55.634,50.386,37.543,39.211,71.649,61.022,44.424,34.336,67.466,37.702,54.885,43.587,18.366,34.805,67.42,40.89,19.191,43.137,36.032,57.032,29.356,111.168,62.284,67.317,10.742,64.588,34.357,22.68,64.729,93.827,68.886,48.528
89.452,169.433,56.978,83.43,125.72,80.657,104.687,70.395,0.0,29.306,94.245,121.868,109.701,127.17,83.623,131.95,90.679,87.404,90.053,144.21,72.564,116.659,83.683,157.2,152.592,103.185,67.621,13.073,126.003,56.404,175.803,53.982,155.032,77.101,86.19,49.741,73.485,73.815,71.752,107.033,69.576,121.299,55.811,116.01,119.747,76.756,122.915,58.381,27.615,139.61,77.979,145.97,94.112,86.301,101.298,100.479,57.746,85.091,50.498,60.15,97.412,142.434,72.151,105.12,112.438,61.919,90.174,165.819,59.471,120.781,107.938,85.858,142.044,107.283,57.447,86.713,106.573,91.439,112.822,73.164,69.411,105.2,7.717,111.285,68.15,113.532,106.427,87.467,70.037,181.563,17.649,11.616,59.653,125.663,36.038,93.075,70.458,84.528,139.281,21.867
60.146,140.127,27.672,54.124,96.414,64.975,75.381,41.089,29.306,0.0,105.129,92.562,80.395,97.864,62.379,102.644,61.373,105.188,60.747,114.904,43.258,87.353,54.377,127.894,123.286,73.879,85.405,20.217,96.697,27.098,146.497,54.964,125.726,94.885,103.974,20.435,55.701,44.509,89.536,77.727,87.36,91.993,29.237,86.704,90.441,52.902,93.609,76.165,45.399,110.304,48.673,116.664,64.806,104.085,71.992,101.151,31.922,56.597,21.192,36.78,68.106,113.128,42.845,75.814,83.132,65.707,60.868,136.513,64.119,91.475,78.632,56.552,112.738,77.977,35.939,57.407,77.267,62.133,83.516,43.858,40.105,75.894,26.331,81.979,38.844,84.226,77.121,65.517,40.731,152.257,35.433,29.4,30.347,96.357,6.786,63.769,73.214,102.312,109.975,27.397
59.877,91.008,110.845,122.025,125.933,40.154,88.392,96.644,94.245,105.129,0.0,27.623,104.062,50.295,42.75,108.873,91.892,6.955,82.122,99.023,114.603,78.624,65.442,92.201,60.295,96.896,35.556,84.912,117.27,118.157,85.6,50.165,60.787,30.882,10.409,121.6,160.83,86.686,22.911,147.986,31.737,27.054,75.892,29.237,27.264,158.031,132.512,38.416,71.474,107.171,112.864,106.431,66.015,9.204,134.923,6.234,73.207,48.532,125.837,141.909,114.063,107.107,120.542,81.393,84.111,39.422,154.673,76.196,41.01,64.276,90.675,57.433,129.825,35.622,141.068,130.98,164.11,58.942,151.529,140.231,115.01,96.697,91.27,69.702,77.453,58.227,102.022,39.612,67.288,87.768,86.134,91.167,94.702,32.056,111.915,108.494,31.915,16.773,56.588,77.732
41.818,72.949,92.786,103.966,107.874,41.211,70.333,78.585,121.868,92.562,27.623,0.0,86.003,32.236,38.245,90.814,73.833,34.578,64.063,80.964,96.544,60.565,47.383,74.142,42.236,78.837,63.179,108.795,99.211,100.098,67.541,67.886,37.39,58.505,38.032,103.541,142.771,68.627,50.534,129.927,59.36,5.583,66.057,11.178,9.205,139.972,114.453,66.039,99.097,89.112,94.805,88.372,47.956,36.827,116.864,21.389,64.122,36.777,107.778,123.85,96.004,89.048,102.483,63.334,66.052,59.949,136.614,58.137,62.397,46.217,72.616,39.374,111.766,17.563,123.009,112.921,146.051,40.883,133.47,122.172,96.951,78.638,118.893,51.643,59.394,40.168,83.963,34.401,51.831,69.709,113.757,118.79,76.643,13.997,93.856,90.435,51.41,44.396,38.529,100.001
44.185,59.732,52.723,26.271,21.871,63.908,15.67,39.306,109.701,80.395,104.062,86.003,0.0,53.767,61.312,22.249,19.022,104.121,21.94,34.509,37.137,25.438,38.62,47.499,43.767,7.166,84.338,96.628,16.302,53.297,66.102,55.719,48.613,93.818,102.907,59.96,56.768,35.886,88.469,43.924,86.293,80.42,53.89,74.825,76.798,53.969,28.45,75.098,86.93,29.909,31.722,36.269,38.047,103.018,30.861,100.084,51.955,55.53,59.203,49.551,12.289,32.733,37.55,22.669,19.951,64.64,50.611,56.118,63.052,39.786,13.387,46.629,32.343,68.44,52.254,26.918,60.048,45.12,47.467,36.537,40.29,7.365,106.726,34.36,41.551,45.835,3.274,64.45,39.664,71.862,101.59,106.623,50.048,72.006,73.663,16.626,72.147,101.245,47.474,87.834
37.718,42.263,70.192,71.73,75.638,46.513,38.097,56.775,127.17,97.864,50.295,32.236,53.767,0.0,43.547,58.578,41.597,50.354,37.117,48.728,64.308,28.329,43.487,41.906,25.422,46.601,68.481,114.097,66.975,70.766,48.633,73.188,27.862,63.807,49.14,77.429,110.535,53.355,55.836,97.691,64.662,26.653,71.359,21.058,23.031,107.736,82.217,71.341,104.399,56.876,62.569,56.136,33.058,49.251,84.628,46.317,69.424,42.079,76.672,91.614,63.768,56.812,70.247,31.098,33.816,65.251,104.378,38.649,67.699,13.981,40.38,41.312,79.53,19.887,90.773,80.685,113.815,35.731,101.234,89.936,64.715,46.402,124.195,19.407,59.02,13.638,51.727,39.703,57.133,54.393,119.059,124.092,67.517,18.239,91.132,58.199,56.712,49.698,12.111,105.303
17.127,85.81,68.095,79.275,83.183,2.966,45.642,53.894,83.623,62.379,42.75,38.245,61.312,43.547,0.0,66.123,49.142,42.809,39.372,60.587,71.853,35.874,22.692,73.577,68.969,54.146,24.934,70.55,74.52,75.407,92.18,29.641,71.409,32.506,41.595,78.85,118.08,43.936,27.157,105.236,24.981,37.676,33.142,32.387,36.124,115.281,89.762,27.794,60.852,64.421,70.114,63.681,23.265,41.706,92.173,38.772,30.457,5.782,83.087,99.159,71.313,64.357,77.792,38.643,41.361,21.704,111.923,82.196,24.152,37.158,47.925,14.683,87.075,23.66,98.318,88.23,121.36,16.192,108.779,97.481,72.26,53.947,80.648,27.662,34.703,29.909,59.272,3.844,24.538,97.94,75.512,80.545,51.952,42.04,69.165,65.744,13.165,39.933,55.658,61.756
48.996,37.483,74.972,48.52,17.06,68.719,27.263,61.555,131.95,102.644,108.873,90.814,22.249,58.578,66.123,0.0,41.271,108.932,41.897,12.26,59.386,30.249,48.267,25.25,48.578,28.765,89.149,118.877,8.397,75.546,43.853,77.968,53.424,98.629,107.718,82.209,58.479,58.135,93.28,39.113,91.104,85.231,76.139,79.636,81.609,55.194,23.639,79.909,109.179,7.66,53.971,14.02,42.858,107.829,30.652,104.895,74.204,60.341,81.452,71.8,34.538,10.484,59.799,27.48,24.762,70.031,45.8,33.869,72.479,44.597,24.012,51.44,20.952,73.251,74.503,45.237,55.237,49.931,42.656,58.786,62.539,26.75,128.975,39.171,63.8,50.646,25.523,69.261,61.913,49.613,123.839,128.872,72.297,76.817,95.912,38.875,76.958,106.056,52.285,110.083
32.015,78.754,33.701,30.133,35.041,51.738,14.008,20.284,90.679,61.373,91.892,73.833,19.022,41.597,49.142,41.271,0.0,91.951,9.77,53.531,22.711,25.98,26.45,66.521,61.913,12.506,72.168,77.606,35.324,34.275,85.124,41.727,64.353,81.648,90.737,40.938,68.938,16.864,76.299,56.094,74.123,68.25,34.868,62.655,64.628,66.139,40.62,62.928,67.908,48.931,20.972,55.291,25.877,90.848,43.031,87.914,32.933,43.36,40.181,50.017,22.171,51.755,28.65,14.441,21.759,52.47,62.781,75.14,50.882,30.102,17.259,34.459,51.365,56.27,49.176,39.088,72.218,32.95,59.637,48.339,23.118,14.521,87.704,22.19,22.529,33.665,15.748,52.28,24.604,90.884,82.568,87.601,31.026,59.836,54.641,16.602,59.977,89.075,48.602,68.812
59.936,91.067,110.904,122.084,125.992,40.213,88.451,96.703,87.404,105.188,6.955,34.578,104.121,50.354,42.809,108.932,91.951,0.0,82.181,99.082,114.662,78.683,65.501,92.26,65.302,96.955,28.601,84.971,117.329,118.216,88.513,50.224,67.742,23.927,3.454,121.659,160.889,86.745,15.956,148.045,24.782,34.009,75.951,29.296,32.457,158.09,132.571,31.461,64.519,107.23,112.923,106.49,66.074,2.249,134.982,13.189,73.266,48.591,125.896,141.968,114.122,107.166,120.601,81.452,84.17,39.481,154.732,78.529,41.069,64.335,90.734,57.492,129.884,35.681,141.127,131.039,164.169,59.001,151.588,140.29,115.069,96.756,84.315,69.761,77.512,58.286,102.081,39.671,67.347,94.273,79.179,84.212,94.761,38.373,111.974,108.553,31.974,9.818,56.647,77.791
22.245,79.38,33.075,39.903,43.811,41.968,14.634,19.658,90.053,60.747,82.122,64.063,21.94,37.117,39.372,41.897,9.77,82.181,0.0,54.157,32.481,26.606,16.68,67.147,62.539,14.774,62.398,76.98,35.95,36.035,85.75,36.071,64.979,71.878,80.967,40.312,78.708,16.238,66.529,65.864,64.353,58.48,34.242,52.885,54.858,75.909,50.39,53.158,67.282,49.557,30.742,55.917,16.107,81.078,52.801,78.144,32.307,33.59,43.715,59.787,31.941,52.381,38.42,15.067,22.385,42.7,72.551,75.766,41.112,30.728,17.885,24.689,51.991,46.5,58.946,48.858,81.988,23.18,69.407,58.109,32.888,15.147,87.078,21.232,21.903,23.895,19.9,42.51,20.016,91.51,81.942,86.975,30.4,50.066,54.015,26.372,50.207,79.305,49.228,68.186
54.758,25.223,87.232,60.78,26.91,63.553,39.523,73.815,144.21,114.904,99.023,80.964,34.509,48.728,60.587,12.26,53.531,99.082,54.157,0.0,71.646,27.551,60.527,12.99,38.728,41.025,85.521,131.137,18.247,87.806,31.593,90.228,43.574,88.779,97.868,94.469,70.739,70.395,83.43,48.963,81.702,75.381,88.399,69.786,71.759,67.454,33.489,88.381,121.439,8.148,66.231,7.408,50.098,97.979,42.912,95.045,86.464,59.119,93.712,84.06,46.798,8.084,72.059,39.09,31.772,82.291,55.65,22.827,84.739,34.747,36.272,58.352,30.802,63.401,86.763,57.497,65.087,52.771,52.506,71.046,74.799,39.01,141.235,32.925,76.06,40.796,37.783,59.411,74.173,37.353,136.099,141.132,84.557,66.967,108.172,51.135,73.752,96.206,42.435,122.343
54.726,96.869,15.586,10.866,53.156,74.449,32.123,17.959,72.564,43.258,114.603,96.544,37.137,64.308,71.853,59.386,22.711,114.662,32.481,71.646,0.0,44.095,49.161,84.636,80.028,30.621,94.879,59.491,53.439,16.16,103.239,64.438,82.468,104.359,113.448,22.823,46.227,27.917,99.01,34.469,96.834,90.961,38.711,85.366,87.339,43.428,50.351,85.639,54.873,67.046,5.415,73.406,48.588,113.559,28.734,110.625,41.396,66.071,22.066,27.306,24.848,69.87,5.939,33.21,39.874,75.181,40.07,93.255,73.593,50.327,35.374,57.17,69.48,78.981,26.465,16.377,49.507,55.661,40.258,25.628,3.153,32.636,69.589,44.901,37.15,56.376,33.863,74.991,47.315,108.999,64.453,69.486,19.901,82.547,36.526,20.511,82.688,111.786,66.717,50.697
27.207,52.774,59.681,43.401,47.309,38.47,11.972,46.264,116.659,87.353,78.624,60.565,25.438,28.329,35.874,30.249,25.98,78.683,26.606,27.551,44.095,0.0,32.976,40.541,35.933,18.272,58.9,103.586,38.646,60.255,59.144,62.677,38.373,68.38,77.469,66.918,82.206,42.844,63.031,69.362,60.855,54.982,60.848,49.387,51.36,79.407,53.888,60.83,93.888,28.547,38.68,29.311,22.547,77.58,56.299,74.646,58.913,31.568,66.161,63.285,35.439,28.483,44.508,11.539,5.487,54.74,76.049,49.16,57.188,14.348,12.051,30.801,51.201,43.002,62.444,52.356,85.486,25.22,72.905,61.607,47.248,18.073,113.684,8.922,48.509,20.397,23.398,39.012,46.622,64.904,108.548,113.581,57.006,46.568,80.621,29.87,46.709,75.807,22.622,94.792
5.769,85.75,45.403,56.583,60.491,25.288,22.95,31.202,83.683,54.377,65.442,47.383,38.62,43.487,22.692,48.267,26.45,65.501,16.68,60.527,49.161,32.976,0.0,73.517,68.909,31.454,45.718,70.61,51.828,52.715,92.12,29.701,71.349,55.198,64.287,56.158,95.388,21.244,49.849,82.544,47.673,41.8,27.872,36.205,38.178,92.589,67.07,36.478,60.912,55.927,47.422,62.287,10.429,64.398,69.481,61.464,25.937,16.91,60.395,76.467,48.621,58.751,55.1,21.437,28.755,26.02,89.231,82.136,24.432,37.098,25.233,8.009,64.383,29.82,75.626,65.538,98.668,7.756,86.087,74.789,49.568,31.255,80.708,27.602,15.533,29.849,36.58,25.83,13.646,97.88,75.572,80.605,29.26,41.98,47.645,43.052,33.527,62.625,55.598,61.816
67.748,12.233,100.222,73.77,33.732,76.543,52.513,86.805,157.2,127.894,92.201,74.142,47.499,41.906,73.577,25.25,66.521,92.26,67.147,12.99,84.636,40.541,73.517,0.0,31.906,54.015,98.511,144.127,31.197,100.796,18.603,103.218,36.752,93.837,91.046,107.459,83.729,83.385,85.866,55.785,94.692,68.559,101.389,62.964,64.937,80.444,40.311,101.371,134.429,17.59,79.221,14.23,63.088,91.157,55.902,88.223,99.454,72.109,106.702,97.05,59.788,14.906,85.049,52.08,44.762,95.281,67.026,16.005,97.729,36.419,49.262,71.342,37.624,56.579,99.753,70.487,71.909,65.761,59.328,84.036,87.789,52.0,154.225,45.915,89.05,43.668,50.773,69.733,87.163,24.363,149.089,154.122,97.547,60.145,121.162,64.125,86.742,89.384,35.613,135.333
63.14,30.713,95.614,69.162,65.638,71.935,47.905,82.197,152.592,123.286,60.295,42.236,43.767,25.422,68.969,48.578,61.913,65.302,62.539,38.728,80.028,35.933,68.909,31.906,0.0,49.407,93.903,139.519,56.975,96.188,25.305,98.61,4.846,89.229,68.756,102.851,100.535,78.777,81.258,87.691,90.084,36.653,96.781,36.582,33.031,97.736,72.217,96.763,129.821,46.876,74.613,46.136,58.48,67.551,74.628,56.317,94.846,67.501,102.094,92.442,55.18,46.812,80.441,47.472,40.154,90.673,94.378,15.901,93.121,31.811,44.654,66.734,69.53,45.309,95.145,70.685,103.815,61.153,91.234,79.936,83.181,47.392,149.617,41.307,84.442,39.06,46.165,65.125,82.555,28.971,144.481,149.514,92.939,28.239,116.554,59.517,82.134,75.12,13.311,130.725
37.019,66.248,46.207,25.129,29.037,56.742,8.504,32.79,103.185,73.879,96.896,78.837,7.166,46.601,54.146,28.765,12.506,96.955,14.774,41.025,30.621,18.272,31.454,54.015,49.407,0.0,77.172,90.112,22.818,46.781,72.618,49.203,51.847,86.652,95.741,53.444,63.934,29.37,81.303,51.09,79.127,73.254,47.374,67.659,69.632,61.135,35.616,67.932,80.414,36.425,25.206,42.785,30.881,95.852,38.027,92.918,45.439,48.364,52.687,45.013,17.167,39.249,31.034,15.503,12.785,57.474,57.777,62.634,55.886,32.62,6.221,39.463,38.859,61.274,45.738,34.084,67.214,37.954,54.633,43.335,33.774,2.015,100.21,27.194,35.035,38.669,5.126,57.284,33.148,78.378,95.074,100.107,43.532,64.84,67.147,11.598,64.981,94.079,40.308,81.318
40.153,110.744,91.121,102.301,106.209,21.968,68.668,76.92,67.621,85.405,35.556,63.179,84.338,68.481,24.934,89.149,72.168,28.601,62.398,85.521,94.879,58.9,45.718,98.511,93.903,77.172,0.0,65.188,97.546,98.433,117.114,30.441,96.343,9.48,25.147,101.876,141.106,66.962,12.645,128.262,3.819,62.61,56.168,57.321,61.058,138.307,112.788,9.24,40.006,87.447,93.14,87.281,46.291,26.352,115.199,41.79,53.483,28.808,106.113,122.185,94.339,87.383,100.818,61.669,64.387,19.698,134.949,107.13,21.286,62.092,70.951,37.709,110.101,48.594,121.344,111.256,144.386,39.218,131.805,120.507,95.286,76.973,59.904,52.596,57.729,54.843,82.298,28.778,47.564,122.874,50.578,56.005,74.978,66.974,92.191,88.77,12.191,18.783,80.592,58.008
76.379,156.36,43.905,70.357,112.647,67.584,91.614,57.322,13.073,20.217,84.912,108.795,96.628,114.097,70.55,118.877,77.606,84.971,76.98,131.137,59.491,103.586,70.61,144.127,139.519,90.112,65.188,0.0,112.93,43.331,162.73,40.909,141.959,74.668,83.757,36.688,75.918,60.742,69.319,93.96,67.143,108.226,42.738,102.937,106.674,73.119,109.842,55.948,25.182,126.537,64.906,132.897,81.039,83.868,88.225,87.406,44.673,72.018,40.925,56.997,84.339,129.361,59.078,92.047,99.365,48.846,77.101,152.746,46.398,107.708,94.865,72.785,128.971,94.21,56.156,73.64,93.5,78.366,99.749,60.091,56.338,92.127,10.098,98.212,55.077,100.459,93.354,74.394,56.964,168.49,15.216,9.995,46.58,112.59,27.003,80.002,57.385,82.095,126.208,8.794
57.393,43.43,69.025,42.573,8.663,77.116,28.878,55.608,126.003,96.697,117.27,99.211,16.302,66.975,74.52,8.397,35.324,117.329,35.95,18.247,53.439,38.646,51.828,31.197,56.975,22.818,97.546,112.93,0.0,69.599,49.8,72.021,61.821,107.026,116.115,76.262,52.532,52.188,101.677,30.716,99.501,93.628,70.192,88.033,90.006,49.247,15.242,88.306,103.232,13.607,48.024,19.967,51.255,116.226,24.705,113.292,68.257,68.738,75.505,65.853,28.591,16.431,53.852,35.877,33.159,77.848,37.403,41.074,76.26,52.994,26.595,59.837,16.041,81.648,68.556,39.29,46.84,58.328,34.259,52.839,56.592,20.803,123.028,47.568,57.853,59.043,19.576,77.658,55.966,55.56,117.892,122.925,66.35,85.214,89.965,32.928,85.355,114.453,60.682,104.136
58.28,113.029,7.312,27.026,69.316,78.003,48.283,21.513,56.404,27.098,118.157,100.098,53.297,70.766,75.407,75.546,34.275,118.216,36.035,87.806,16.16,60.255,52.715,100.796,96.188,46.781,98.433,43.331,69.599,0.0,119.399,67.992,98.628,107.913,117.002,6.663,42.673,31.471,102.564,50.629,100.388,94.515,42.265,88.92,90.893,39.874,66.511,89.193,58.427,83.206,21.575,89.566,52.142,117.113,44.894,114.179,44.95,69.625,7.68,23.752,41.008,86.03,15.747,48.716,56.034,78.735,36.516,109.415,77.147,64.377,51.534,60.724,85.64,82.535,22.911,30.309,50.169,59.215,56.418,22.074,13.007,48.796,53.429,54.881,40.704,59.93,50.023,78.545,50.869,125.159,48.461,53.326,23.455,86.101,20.366,36.671,86.242,115.34,82.877,40.425
86.351,6.37,118.825,92.373,50.083,95.146,71.116,105.408,175.803,146.497,85.6,67.541,66.102,48.633,92.18,43.853,85.124,88.513,85.75,31.593,103.239,59.144,92.12,18.603,25.305,72.618,117.114,162.73,49.8,119.399,0.0,121.821,30.151,112.44,91.967,126.062,102.332,101.988,104.469,68.77,113.295,61.958,119.992,59.793,58.336,99.047,52.888,119.974,153.032,36.193,97.824,29.833,81.691,90.762,74.505,81.622,118.057,90.712,125.305,115.653,78.391,33.369,103.652,70.683,63.365,113.884,85.629,9.984,116.332,55.022,67.865,89.945,44.225,68.52,118.356,89.09,78.51,84.364,65.929,102.639,106.392,70.603,172.828,64.518,107.653,62.271,69.376,88.336,105.766,5.76,167.692,172.725,116.15,53.544,139.765,82.728,105.345,98.331,36.522,153.936
35.47,115.451,60.68,71.86,75.768,26.675,50.705,46.479,53.982,54.964,50.165,67.886,55.719,73.188,29.641,77.968,41.727,50.224,36.071,90.228,64.438,62.677,29.701,103.218,98.61,49.203,30.441,40.909,72.021,67.992,121.821,0.0,101.05,39.921,49.01,71.435,110.665,36.521,34.572,97.821,32.396,67.317,25.727,62.028,65.765,107.866,82.347,21.201,31.211,85.628,62.699,91.988,40.13,49.121,84.758,46.497,23.042,31.109,75.672,91.744,63.898,88.452,70.377,51.138,58.456,10.743,104.508,111.837,9.155,66.799,53.956,31.876,88.062,53.301,90.903,80.815,113.945,37.457,101.364,90.066,64.845,51.218,51.007,57.303,27.288,59.55,52.445,33.485,17.123,127.581,45.871,50.904,44.537,71.681,61.75,58.329,18.25,47.348,85.299,32.115
65.58,35.559,98.054,71.602,70.484,74.375,50.345,84.637,155.032,125.726,60.787,37.39,48.613,27.862,71.409,53.424,64.353,67.742,64.979,43.574,82.468,38.373,71.349,36.752,4.846,51.847,96.343,141.959,61.821,98.628,30.151,101.05,0.0,91.669,71.196,105.291,105.381,81.217,83.698,92.537,92.524,33.733,99.221,39.022,35.285,102.582,77.063,99.203,132.261,51.722,77.053,50.982,60.92,69.991,79.474,54.553,97.286,69.941,104.534,94.882,58.614,51.658,82.881,49.912,42.594,93.113,99.224,20.747,95.561,34.251,47.094,69.174,74.376,47.749,97.585,75.531,108.661,63.593,96.08,84.782,85.621,49.832,152.057,43.747,86.882,41.5,48.605,67.565,84.995,32.319,146.921,151.954,95.379,29.369,118.994,61.957,84.574,77.56,15.751,133.165
49.633,106.07,100.601,111.781,115.689,29.91,78.148,86.4,77.101,94.885,30.882,58.505,93.818,63.807,32.506,98.629,81.648,23.927,71.878,88.779,104.359,68.38,55.198,93.837,89.229,86.652,9.48,74.668,107.026,107.913,112.44,39.921,91.669,0.0,20.473,111.356,150.586,76.442,7.971,137.742,7.525,57.936,65.648,52.647,56.384,147.787,122.268,18.72,49.486,96.927,102.62,96.187,55.771,21.678,124.679,37.116,62.963,38.288,115.593,131.665,103.819,96.863,110.298,71.149,73.867,29.178,144.429,102.456,30.766,57.418,80.431,47.189,119.581,43.92,130.824,120.736,153.866,48.698,141.285,129.987,104.766,86.453,69.384,59.458,67.209,50.169,91.778,29.368,57.044,118.2,59.452,65.485,84.458,62.3,101.671,98.25,21.671,14.109,75.918,67.488
58.722,89.853,109.69,120.87,124.778,38.999,87.237,95.489,86.19,103.974,10.409,38.032,102.907,49.14,41.595,107.718,90.737,3.454,80.967,97.868,113.448,77.469,64.287,91.046,68.756,95.741,25.147,83.757,116.115,117.002,91.967,49.01,71.196,20.473,0.0,120.445,159.675,85.531,14.438,146.831,21.328,37.463,74.737,32.174,35.911,156.876,131.357,28.007,61.065,106.016,111.709,105.276,64.86,1.205,133.768,16.643,72.052,47.377,124.682,140.754,112.908,105.952,119.387,80.238,82.956,38.267,153.518,81.983,39.855,63.121,89.52,56.278,128.67,34.467,139.913,129.825,162.955,57.787,150.374,139.076,113.855,95.542,80.861,68.547,76.298,57.072,100.867,38.457,66.133,97.727,75.725,80.758,93.547,41.827,110.76,107.339,30.76,6.364,55.445,76.577
61.723,119.692,10.755,33.689,75.979,81.446,54.946,24.956,49.741,20.435,121.6,103.541,59.96,77.429,78.85,82.209,40.938,121.659,40.312,94.469,22.823,66.918,56.158,107.459,102.851,53.444,101.876,36.688,76.262,6.663,126.062,71.435,105.291,111.356,120.445,0.0,39.23,34.914,106.007,57.292,103.831,97.958,45.708,92.363,94.336,36.431,73.174,92.636,61.87,89.869,28.238,96.229,55.585,120.556,51.557,117.622,48.393,73.068,4.237,20.309,47.671,92.693,22.41,55.379,62.697,82.178,40.433,116.078,80.59,71.04,58.197,64.167,92.303,85.978,19.468,36.972,56.832,62.658,63.081,23.423,19.67,55.459,46.766,61.544,44.147,63.791,56.686,81.988,54.312,131.822,51.904,46.663,26.898,89.544,13.703,43.334,89.685,118.783,89.54,43.868
100.953,95.962,49.985,38.805,52.249,120.676,72.438,64.186,73.485,55.701,160.83,142.771,56.768,110.535,118.08,58.479,68.938,160.889,78.708,70.739,46.227,82.206,95.388,83.729,100.535,63.934,141.106,75.918,52.532,42.673,102.332,110.665,105.381,150.586,159.675,39.23,0.0,74.144,145.237,33.562,143.061,137.188,84.938,131.593,133.566,3.285,49.444,131.866,101.1,66.139,47.966,72.499,94.815,159.786,27.827,156.852,87.623,112.298,34.993,18.921,46.767,68.963,40.288,79.437,76.719,121.408,16.703,92.348,119.82,96.554,70.155,103.397,68.573,125.208,19.762,29.85,33.102,101.888,39.351,20.599,45.82,64.133,81.202,91.128,83.377,102.603,58.808,121.218,93.542,108.092,91.134,85.101,66.128,128.774,48.915,52.336,128.915,158.013,104.242,83.098
26.809,95.618,24.159,35.339,51.905,46.532,30.872,9.958,73.815,44.509,86.686,68.627,35.886,53.355,43.936,58.135,16.864,86.745,16.238,70.395,27.917,42.844,21.244,83.385,78.777,29.37,66.962,60.742,52.188,31.471,101.988,36.521,81.217,76.442,85.531,34.914,74.144,0.0,71.093,61.3,68.917,63.044,18.004,57.449,59.422,71.345,49.1,57.722,51.044,65.795,26.178,72.155,20.671,85.642,48.237,82.708,16.069,38.154,39.151,55.223,27.377,68.619,33.856,31.305,38.623,47.264,67.987,92.004,45.676,46.966,34.123,29.253,68.229,51.064,54.382,44.294,77.424,27.744,64.843,53.545,28.324,31.385,70.84,37.47,9.233,39.717,32.612,47.074,19.398,107.748,65.704,70.737,14.162,54.63,37.777,21.808,54.771,83.869,65.466,51.948
44.284,98.099,95.252,106.432,110.34,24.561,72.799,81.051,71.752,89.536,22.911,50.534,88.469,55.836,27.157,93.28,76.299,15.956,66.529,83.43,99.01,63.031,49.849,85.866,81.258,81.303,12.645,69.319,101.677,102.564,104.469,34.572,83.698,7.971,14.438,106.007,145.237,71.093,0.0,132.393,8.826,49.965,60.299,44.676,48.413,142.438,116.919,15.505,48.563,91.578,97.271,90.838,50.422,14.549,119.33,29.145,57.614,32.939,110.244,126.316,98.47,91.514,104.949,65.8,68.518,23.829,139.08,94.485,25.417,49.447,75.082,41.84,114.232,35.949,125.475,115.387,148.517,43.349,135.936,124.638,99.417,81.104,68.359,54.109,61.86,42.634,86.429,24.019,51.695,110.229,63.223,68.256,79.109,54.329,96.322,92.901,16.322,12.776,67.947,62.139
88.109,62.4,50.055,25.961,22.053,107.832,59.594,51.342,107.033,77.727,147.986,129.927,43.924,97.691,105.236,39.113,56.094,148.045,65.864,48.963,34.469,69.362,82.544,55.785,87.691,51.09,128.262,93.96,30.716,50.629,68.77,97.821,92.537,137.742,146.831,57.292,33.562,61.3,132.393,0.0,130.217,124.344,72.094,118.749,120.722,30.277,15.882,119.022,88.256,40.815,35.122,41.555,81.971,146.942,13.063,144.008,74.779,99.454,56.535,46.883,33.923,40.879,34.882,66.593,63.875,108.564,16.859,71.79,106.976,83.71,57.311,90.553,35.011,112.364,49.586,20.32,16.124,89.044,5.789,33.869,37.622,51.289,104.058,78.284,70.533,89.759,45.964,108.374,80.698,74.53,98.922,103.955,53.284,115.93,70.995,39.492,116.071,145.169,91.398,85.166
42.108,106.925,93.076,104.256,108.164,22.385,70.623,78.875,69.576,87.36,31.737,59.36,86.293,64.662,24.981,91.104,74.123,24.782,64.353,81.702,96.834,60.855,47.673,94.692,90.084,79.127,3.819,67.143,99.501,100.388,113.295,32.396,92.524,7.525,21.328,103.831,143.061,68.917,8.826,130.217,0.0,58.791,58.123,53.502,57.239,140.262,114.743,11.195,41.961,89.402,95.095,88.662,48.246,22.533,117.154,37.971,55.438,30.763,108.068,124.14,96.294,89.338,102.773,63.624,66.342,21.653,136.904,103.311,23.241,58.273,72.906,39.664,112.056,44.775,123.299,113.211,146.341,41.173,133.76,122.462,97.241,78.928,61.859,51.933,59.684,51.024,84.253,24.959,49.519,119.055,54.397,59.43,76.933,63.155,94.146,90.725,14.146,14.964,76.773,59.963
36.235,67.366,87.203,98.383,102.291,40.642,64.75,73.002,121.299,91.993,27.054,5.583,80.42,26.653,37.676,85.231,68.25,34.009,58.48,75.381,90.961,54.982,41.8,68.559,36.653,73.254,62.61,108.226,93.628,94.515,61.958,67.317,33.733,57.936,37.463,97.958,137.188,63.044,49.965,124.344,58.791,0.0,65.488,5.595,3.622,134.389,108.87,65.47,98.528,83.529,89.222,82.789,42.373,36.258,111.281,20.82,63.553,36.208,102.195,118.267,90.421,83.465,96.9,57.751,60.469,59.38,131.031,52.554,61.828,40.634,67.033,35.441,106.183,14.016,117.426,107.338,140.468,35.3,127.887,116.589,91.368,73.055,118.324,46.06,53.811,34.585,78.38,33.832,51.262,64.126,113.188,118.221,71.06,8.414,88.273,84.852,50.841,43.827,32.946,99.432
33.641,113.622,34.953,46.133,69.909,35.738,48.876,20.752,55.811,29.237,75.892,66.057,53.89,71.359,33.142,76.139,34.868,75.951,34.242,88.399,38.711,60.848,27.872,101.389,96.781,47.374,56.168,42.738,70.192,42.265,119.992,25.727,99.221,65.648,74.737,45.708,84.938,18.004,60.299,72.094,58.123,65.488,0.0,60.199,63.936,82.139,67.104,46.928,33.04,83.799,36.972,90.159,38.301,74.848,59.031,71.914,2.685,29.28,49.945,66.017,41.601,86.623,44.65,49.309,56.627,36.47,78.781,110.008,34.882,64.97,52.127,30.047,86.233,51.472,65.176,55.088,88.218,35.628,75.637,64.339,39.118,49.389,52.836,55.474,12.339,57.721,50.616,36.28,14.226,125.752,47.7,52.733,18.81,69.852,36.023,37.264,43.977,73.075,83.47,33.944
30.64,61.771,81.608,92.788,96.696,35.353,59.155,67.407,116.01,86.704,29.237,11.178,74.825,21.058,32.387,79.636,62.655,29.296,52.885,69.786,85.366,49.387,36.205,62.964,36.582,67.659,57.321,102.937,88.033,88.92,59.793,62.028,39.022,52.647,32.174,92.363,131.593,57.449,44.676,118.749,53.502,5.595,60.199,0.0,3.737,128.794,103.275,60.181,93.239,77.934,83.627,77.194,36.778,30.969,105.686,25.259,58.264,30.919,96.6,112.672,84.826,77.87,91.305,52.156,54.874,54.091,125.436,49.809,56.539,35.039,61.438,30.152,100.588,8.727,111.831,101.743,134.873,29.705,122.292,110.994,85.773,67.46,113.035,40.465,48.216,28.99,72.785,28.543,45.973,65.553,107.899,112.932,65.465,9.653,82.678,79.257,45.552,38.538,27.351,94.143
32.613,63.744,83.581,94.761,98.669,39.09,61.128,69.38,119.747,90.441,27.264,9.205,76.798,23.031,36.124,81.609,64.628,32.457,54.858,71.759,87.339,51.36,38.178,64.937,33.031,69.632,61.058,106.674,90.006,90.893,58.336,65.765,35.285,56.384,35.911,94.336,133.566,59.422,48.413,120.722,57.239,3.622,63.936,3.737,0.0,130.767,105.248,63.918,96.976,79.907,85.6,79.167,38.751,34.706,107.659,23.286,62.001,34.656,98.573,114.645,86.799,79.843,93.278,54.129,56.847,57.828,127.409,48.932,60.276,37.012,63.411,33.889,102.561,12.464,113.804,103.716,136.846,31.678,124.265,112.967,87.746,69.433,116.772,42.438,51.597,30.963,74.758,32.28,49.71,61.816,111.636,116.669,67.438,5.916,84.651,81.23,49.289,42.275,29.324,97.88
98.154,92.677,47.186,36.006,48.964,117.877,69.639,61.387,76.756,52.902,158.031,139.972,53.969,107.736,115.281,55.194,66.139,158.09,75.909,67.454,43.428,79.407,92.589,80.444,97.736,61.135,138.307,73.119,49.247,39.874,99.047,107.866,102.582,147.787,156.876,36.431,3.285,71.345,142.438,30.277,140.262,134.389,82.139,128.794,130.767,0.0,46.159,129.067,98.301,62.854,45.167,69.214,92.016,156.987,24.542,154.053,84.824,109.499,32.194,16.606,43.968,65.678,37.489,76.638,73.92,118.609,13.418,89.063,117.021,93.755,67.356,100.598,65.288,122.409,19.309,27.051,29.817,99.089,36.066,17.8,43.021,61.334,78.403,88.329,80.578,99.804,56.009,118.419,90.743,104.807,88.335,82.302,63.329,125.975,46.116,49.537,126.116,155.214,101.443,80.299
72.635,46.518,65.937,39.485,6.579,92.358,44.12,52.52,122.915,93.609,132.512,114.453,28.45,82.217,89.762,23.639,40.62,132.571,50.39,33.489,50.351,53.888,67.07,40.311,72.217,35.616,112.788,109.842,15.242,66.511,52.888,82.347,77.063,122.268,131.357,73.174,49.444,49.1,116.919,15.882,114.743,108.87,67.104,103.275,105.248,46.159,0.0,103.548,100.144,25.341,44.936,26.081,66.497,131.468,21.617,128.534,65.169,83.98,72.417,62.765,25.503,25.405,50.764,51.119,48.401,93.09,32.741,56.316,91.502,68.236,41.837,75.079,19.129,96.89,65.468,36.202,31.598,73.57,19.017,49.751,53.504,35.815,119.94,62.81,55.059,74.285,30.49,92.9,65.224,58.648,114.804,119.837,63.262,100.456,86.877,29.84,100.597,129.695,75.924,101.048
33.623,113.604,81.881,93.061,96.969,24.828,59.428,67.68,58.381,76.165,38.416,66.039,75.098,71.341,27.794,79.909,62.928,31.461,53.158,88.381,85.639,60.83,36.478,101.371,96.763,67.932,9.24,55.948,88.306,89.193,119.974,21.201,99.203,18.72,28.007,92.636,131.866,57.722,15.505,119.022,11.195,65.47,46.928,60.181,63.918,129.067,103.548,0.0,33.058,83.781,83.9,90.141,38.283,29.212,105.959,44.65,44.243,29.262,96.873,112.945,85.099,86.605,91.578,52.429,56.609,10.458,125.709,109.99,12.046,64.952,61.711,30.029,100.861,51.454,112.104,102.016,135.146,35.61,122.565,111.267,86.046,67.733,52.854,55.456,48.489,57.703,73.058,31.638,38.324,125.734,47.718,52.751,65.738,69.834,82.951,79.53,14.629,26.147,83.452,48.768
66.681,146.662,51.115,62.295,102.949,57.886,81.916,47.624,27.615,45.399,71.474,99.097,86.93,104.399,60.852,109.179,67.908,64.519,67.282,121.439,54.873,93.888,60.912,134.429,129.821,80.414,40.006,25.182,103.232,58.427,153.032,31.211,132.261,49.486,61.065,61.87,101.1,51.044,48.563,88.256,41.961,98.528,33.04,93.239,96.976,98.301,100.144,33.058,0.0,116.839,55.208,123.199,71.341,62.27,78.527,77.708,34.975,62.32,66.107,82.179,74.641,119.663,60.812,82.349,89.667,39.148,94.943,143.048,36.7,98.01,85.167,63.087,119.273,84.512,81.338,71.25,104.38,68.668,91.799,80.501,55.28,82.429,19.898,88.514,45.379,90.761,83.656,64.696,47.266,158.792,14.66,19.693,36.882,102.892,52.185,70.304,47.687,56.913,116.51,18.002
50.158,29.823,82.632,56.18,18.762,67.017,34.923,69.215,139.61,110.304,107.171,89.112,29.909,56.876,64.421,7.66,48.931,107.23,49.557,8.148,67.046,28.547,55.927,17.59,46.876,36.425,87.447,126.537,13.607,83.206,36.193,85.628,51.722,96.927,106.016,89.869,66.139,65.795,91.578,40.815,89.402,83.529,83.799,77.934,79.907,62.854,25.341,83.781,116.839,0.0,61.631,6.36,45.498,106.127,38.312,103.193,81.864,58.639,89.112,79.46,42.198,2.824,67.459,34.49,27.172,77.691,49.436,30.975,80.139,42.895,31.672,53.752,22.654,71.549,82.163,52.897,56.939,48.229,44.358,66.446,70.199,34.41,136.635,37.469,71.46,48.944,33.183,67.559,69.573,41.953,131.499,136.532,79.957,75.115,103.572,46.535,75.256,104.354,50.583,117.743
52.987,91.454,21.001,9.161,47.741,72.71,26.708,16.22,77.979,48.673,112.864,94.805,31.722,62.569,70.114,53.971,20.972,112.923,30.742,66.231,5.415,38.68,47.422,79.221,74.613,25.206,93.14,64.906,48.024,21.575,97.824,62.699,77.053,102.62,111.709,28.238,47.966,26.178,97.271,35.122,95.095,89.222,36.972,83.627,85.6,45.167,44.936,83.9,55.208,61.631,0.0,67.991,46.849,111.82,23.319,108.886,39.657,64.332,27.481,29.045,19.433,64.455,7.678,31.471,34.459,73.442,41.809,87.84,71.854,48.588,29.959,55.431,64.065,77.242,28.204,18.116,51.246,53.922,38.665,27.367,8.568,27.221,75.004,43.162,35.411,54.637,28.448,73.252,45.576,103.584,69.868,74.901,18.326,80.808,41.941,15.096,80.949,110.047,61.302,56.112
56.518,23.463,88.992,62.54,20.25,66.277,41.283,75.575,145.97,116.664,106.431,88.372,36.269,56.136,63.681,14.02,55.291,106.49,55.917,7.408,73.406,29.311,62.287,14.23,46.136,42.785,87.281,132.897,19.967,89.566,29.833,91.988,50.982,96.187,105.276,96.229,72.499,72.155,90.838,41.555,88.662,82.789,90.159,77.194,79.167,69.214,26.081,90.141,123.199,6.36,67.991,0.0,51.858,105.387,44.672,102.453,88.224,60.879,95.472,85.82,48.558,3.536,73.819,40.85,33.532,84.051,55.796,30.235,86.499,42.155,38.032,60.112,23.394,70.809,88.523,59.257,57.679,54.531,45.098,72.806,76.559,40.77,142.995,36.729,77.82,48.204,39.543,66.819,75.933,35.593,137.859,142.892,86.317,74.375,109.932,52.895,75.512,103.614,49.843,124.103
6.138,75.321,44.83,56.01,59.918,25.861,22.377,30.629,94.112,64.806,66.015,47.956,38.047,33.058,23.265,42.858,25.877,66.074,16.107,50.098,48.588,22.547,10.429,63.088,58.48,30.881,46.291,81.039,51.255,52.142,81.691,40.13,60.92,55.771,64.86,55.585,94.815,20.671,50.422,81.971,48.246,42.373,38.301,36.778,38.751,92.016,66.497,38.283,71.341,45.498,46.849,51.858,0.0,64.971,68.908,62.037,36.366,17.483,59.822,75.894,48.048,48.322,54.527,15.378,18.326,32.193,88.658,71.707,34.641,26.669,24.66,8.582,63.81,30.393,75.053,64.965,98.095,7.073,85.514,74.216,48.995,30.682,91.137,17.173,25.962,19.42,36.007,26.403,24.075,87.451,86.001,91.034,34.459,33.959,58.074,42.479,34.1,63.198,45.169,72.245
58.833,89.964,109.801,120.981,124.889,39.11,87.348,95.6,86.301,104.085,9.204,36.827,103.018,49.251,41.706,107.829,90.848,2.249,81.078,97.979,113.559,77.58,64.398,91.157,67.551,95.852,26.352,83.868,116.226,117.113,90.762,49.121,69.991,21.678,1.205,120.556,159.786,85.642,14.549,146.942,22.533,36.258,74.848,30.969,34.706,156.987,131.468,29.212,62.27,106.127,111.82,105.387,64.971,0.0,133.879,15.438,72.163,47.488,124.793,140.865,113.019,106.063,119.498,80.349,83.067,38.378,153.629,80.778,39.966,63.232,89.631,56.389,128.781,34.578,140.024,129.936,163.066,57.898,150.485,139.187,113.966,95.653,82.066,68.658,76.409,57.183,100.978,38.568,66.244,96.522,76.93,81.963,93.658,40.622,110.871,107.45,30.871,7.569,55.544,76.688
75.046,68.135,44.32,17.868,24.422,94.769,46.531,38.279,101.298,71.992,134.923,116.864,30.861,84.628,92.173,30.652,43.031,134.982,52.801,42.912,28.734,56.299,69.481,55.902,74.628,38.027,115.199,88.225,24.705,44.894,74.505,84.758,79.474,124.679,133.768,51.557,27.827,48.237,119.33,13.063,117.154,111.281,59.031,105.686,107.659,24.542,21.617,105.959,78.527,38.312,23.319,44.672,68.908,133.879,0.0,130.945,61.716,86.391,50.8,41.148,20.86,41.136,29.147,53.53,50.812,95.501,19.75,64.521,93.913,70.647,44.248,77.49,40.746,99.301,43.851,14.585,29.187,75.981,16.606,28.134,31.887,38.226,98.323,65.221,57.47,76.696,32.901,95.311,67.635,80.265,93.187,98.22,41.645,102.867,65.26,26.429,103.008,132.106,78.335,79.431
55.899,87.03,106.867,118.047,121.955,36.176,84.414,92.666,100.479,101.151,6.234,21.389,100.084,46.317,38.772,104.895,87.914,13.189,78.144,95.045,110.625,74.646,61.464,88.223,56.317,92.918,41.79,87.406,113.292,114.179,81.622,46.497,54.553,37.116,16.643,117.622,156.852,82.708,29.145,144.008,37.971,20.82,71.914,25.259,23.286,154.053,128.534,44.65,77.708,103.193,108.886,102.453,62.037,15.438,130.945,0.0,69.229,44.554,121.859,137.931,110.085,103.129,116.564,77.415,80.133,38.56,150.695,72.218,41.008,60.298,86.697,53.455,125.847,31.644,137.09,127.002,160.132,54.964,147.551,136.253,111.032,92.719,97.504,65.724,73.475,54.249,98.044,35.634,63.31,83.79,92.368,97.401,90.724,28.078,107.937,104.516,30.021,23.007,52.61,78.612
31.706,111.687,37.638,48.818,67.974,33.053,46.941,23.437,57.746,31.922,73.207,64.122,51.955,69.424,30.457,74.204,32.933,73.266,32.307,86.464,41.396,58.913,25.937,99.454,94.846,45.439,53.483,44.673,68.257,44.95,118.057,23.042,97.286,62.963,72.052,48.393,87.623,16.069,57.614,74.779,55.438,63.553,2.685,58.264,62.001,84.824,65.169,44.243,34.975,81.864,39.657,88.224,36.366,72.163,61.716,69.229,0.0,27.345,52.63,68.702,40.856,84.688,47.335,47.374,54.692,33.785,81.466,108.073,32.197,63.035,50.192,28.112,84.298,49.537,67.861,57.773,90.903,33.693,78.322,67.024,41.803,47.454,54.771,53.539,10.404,55.786,48.681,33.595,12.291,123.817,49.635,54.668,21.495,67.917,38.708,35.329,41.292,70.39,81.535,35.879
11.345,84.342,62.313,73.493,77.401,8.378,39.86,48.112,85.091,56.597,48.532,36.777,55.53,42.079,5.782,60.341,43.36,48.591,33.59,59.119,66.071,31.568,16.91,72.109,67.501,48.364,28.808,72.018,68.738,69.625,90.712,31.109,69.941,38.288,47.377,73.068,112.298,38.154,32.939,99.454,30.763,36.208,29.28,30.919,34.656,109.499,83.98,29.262,62.32,58.639,64.332,60.879,17.483,47.488,86.391,44.554,27.345,0.0,77.305,93.377,65.531,58.575,72.01,32.861,35.579,23.172,106.141,80.728,25.62,35.69,42.143,8.901,81.293,22.192,92.536,82.448,115.578,10.41,102.997,91.699,66.478,48.165,82.116,26.194,28.921,28.441,53.49,8.92,18.756,96.472,76.98,82.013,46.17,40.572,63.383,59.962,16.617,45.715,54.19,63.224
65.96,118.935,14.992,32.932,75.222,85.683,54.189,29.193,50.498,21.192,125.837,107.778,59.203,76.672,83.087,81.452,40.181,125.896,43.715,93.712,22.066,66.161,60.395,106.702,102.094,52.687,106.113,40.925,75.505,7.68,125.305,75.672,104.534,115.593,124.682,4.237,34.993,39.151,110.244,56.535,108.068,102.195,49.945,96.6,98.573,32.194,72.417,96.873,66.107,89.112,27.481,95.472,59.822,124.793,50.8,121.859,52.63,77.305,0.0,16.072,46.914,91.936,21.653,54.622,61.94,86.415,39.676,115.321,84.827,70.283,57.44,68.404,91.546,90.215,15.231,36.215,56.075,66.895,62.324,22.666,18.913,54.702,47.523,60.787,48.384,67.61,55.929,86.225,58.549,131.065,56.141,50.108,31.135,93.781,14.46,42.577,93.922,123.02,88.783,48.105
82.032,109.283,31.064,23.28,65.57,101.755,53.517,45.265,60.15,36.78,141.909,123.85,49.551,91.614,99.159,71.8,50.017,141.968,59.787,84.06,27.306,63.285,76.467,97.05,92.442,45.013,122.185,56.997,65.853,23.752,115.653,91.744,94.882,131.665,140.754,20.309,18.921,55.223,126.316,46.883,124.14,118.267,66.017,112.672,114.645,16.606,62.765,112.945,82.179,79.46,29.045,85.82,75.894,140.865,41.148,137.931,68.702,93.377,16.072,0.0,37.262,82.284,21.367,60.516,57.798,102.487,30.024,105.669,100.899,77.633,51.234,84.476,81.894,106.287,2.703,26.563,46.423,82.967,52.672,13.014,26.899,45.212,62.281,72.207,64.456,83.682,46.277,102.297,74.621,121.413,72.213,66.18,47.207,109.853,29.994,33.415,109.994,139.092,85.321,64.177
54.186,72.021,40.434,13.982,28.308,73.909,25.671,27.017,97.412,68.106,114.063,96.004,12.289,63.768,71.313,34.538,22.171,114.122,31.941,46.798,24.848,35.439,48.621,59.788,55.18,17.167,94.339,84.339,28.591,41.008,78.391,63.898,58.614,103.819,112.908,47.671,46.767,27.377,98.47,33.923,96.294,90.421,41.601,84.826,86.799,43.968,25.503,85.099,74.641,42.198,19.433,48.558,48.048,113.019,20.86,110.085,40.856,65.531,46.914,37.262,0.0,45.022,25.261,32.67,29.952,74.641,40.61,68.407,73.053,49.787,23.388,56.63,44.632,78.441,39.965,16.917,50.047,55.121,37.466,26.168,28.001,17.366,94.437,44.361,36.61,55.836,12.041,74.451,46.775,84.151,89.301,94.334,37.759,82.007,61.374,5.569,82.148,111.246,57.475,75.545
52.982,26.999,85.456,59.004,18.826,66.953,37.747,72.039,142.434,113.128,107.107,89.048,32.733,56.812,64.357,10.484,51.755,107.166,52.381,8.084,69.87,28.483,58.751,14.906,46.812,39.249,87.383,129.361,16.431,86.03,33.369,88.452,51.658,96.863,105.952,92.693,68.963,68.619,91.514,40.879,89.338,83.465,86.623,77.87,79.843,65.678,25.405,86.605,119.663,2.824,64.455,3.536,48.322,106.063,41.136,103.129,84.688,58.575,91.936,82.284,45.022,0.0,70.283,37.314,29.996,80.515,52.26,30.911,82.963,42.831,34.496,56.576,22.718,71.485,84.987,55.721,57.003,50.995,44.422,69.27,73.023,37.234,139.459,37.405,74.284,48.88,36.007,67.495,72.397,39.129,134.323,139.356,82.781,75.051,106.396,49.359,75.192,104.29,50.519,120.567
60.665,97.282,15.173,11.279,53.569,80.388,32.536,23.898,72.151,42.845,120.542,102.483,37.55,70.247,77.792,59.799,28.65,120.601,38.42,72.059,5.939,44.508,55.1,85.049,80.441,31.034,100.818,59.078,53.852,15.747,103.652,70.377,82.881,110.298,119.387,22.41,40.288,33.856,104.949,34.882,102.773,96.9,44.65,91.305,93.278,37.489,50.764,91.578,60.812,67.459,7.678,73.819,54.527,119.498,29.147,116.564,47.335,72.01,21.653,21.367,25.261,70.283,0.0,39.149,40.287,81.12,34.131,93.668,79.532,56.266,35.787,63.109,69.893,84.92,20.526,14.562,43.568,61.6,40.671,19.689,5.532,33.049,69.176,50.84,43.089,62.315,34.276,80.93,53.254,109.412,64.04,69.073,25.84,88.486,36.113,20.924,88.627,117.725,67.13,50.284
21.516,64.313,48.142,40.632,44.54,41.239,6.999,34.725,105.12,75.814,81.393,63.334,22.669,31.098,38.643,27.48,14.441,81.452,15.067,39.09,33.21,11.539,21.437,52.08,47.472,15.503,61.669,92.047,35.877,48.716,70.683,51.138,49.912,71.149,80.238,55.379,79.437,31.305,65.8,66.593,63.624,57.751,49.309,52.156,54.129,76.638,51.119,52.429,82.349,34.49,31.471,40.85,15.378,80.349,53.53,77.415,47.374,32.861,54.622,60.516,32.67,37.314,39.149,0.0,7.318,43.201,73.28,60.699,45.649,17.117,9.282,23.96,48.432,45.771,59.675,49.587,82.717,22.451,70.136,58.838,35.709,15.304,102.145,11.691,36.97,23.166,20.629,41.781,35.083,76.443,97.009,102.042,45.467,49.337,69.082,27.101,49.478,78.576,34.161,83.253
24.234,56.995,55.46,37.914,41.822,43.957,7.751,42.043,112.438,83.132,84.111,66.052,19.951,33.816,41.361,24.762,21.759,84.17,22.385,31.772,39.874,5.487,28.755,44.762,40.154,12.785,64.387,99.365,33.159,56.034,63.365,58.456,42.594,73.867,82.956,62.697,76.719,38.623,68.518,63.875,66.342,60.469,56.627,54.874,56.847,73.92,48.401,56.609,89.667,27.172,34.459,33.532,18.326,83.067,50.812,80.133,54.692,35.579,61.94,57.798,29.952,29.996,40.287,7.318,0.0,50.519,70.562,53.381,52.967,19.835,6.564,26.678,45.714,48.489,56.957,46.869,79.999,25.169,67.418,56.12,43.027,12.586,109.463,14.409,44.288,25.884,17.911,44.499,42.401,69.125,104.327,109.36,52.785,52.055,76.4,24.383,52.196,81.294,27.523,90.571
27.533,107.514,71.423,82.603,86.511,18.738,48.97,57.222,61.919,65.707,39.422,59.949,64.64,65.251,21.704,70.031,52.47,39.481,42.7,82.291,75.181,54.74,26.02,95.281,90.673,57.474,19.698,48.846,77.848,78.735,113.884,10.743,93.113,29.178,38.267,82.178,121.408,47.264,23.829,108.564,21.653,59.38,36.47,54.091,57.828,118.609,93.09,10.458,39.148,77.691,73.442,84.051,32.193,38.378,95.501,38.56,33.785,23.172,86.415,102.487,74.641,80.515,81.12,43.201,50.519,0.0,115.251,103.9,2.448,58.862,51.253,23.939,90.403,45.364,101.646,91.558,124.688,29.52,112.107,100.809,75.588,57.275,58.944,49.366,38.031,51.613,62.6,25.548,27.866,119.644,53.808,58.841,55.28,63.744,72.493,69.072,8.539,36.605,77.362,40.052
94.796,79.259,43.828,32.648,35.546,114.519,66.281,58.029,90.174,60.868,154.673,136.614,50.611,104.378,111.923,45.8,62.781,154.732,72.551,55.65,40.07,76.049,89.231,67.026,94.378,57.777,134.949,77.101,37.403,36.516,85.629,104.508,99.224,144.429,153.518,40.433,16.703,67.987,139.08,16.859,136.904,131.031,78.781,125.436,127.409,13.418,32.741,125.709,94.943,49.436,41.809,55.796,88.658,153.629,19.75,150.695,81.466,106.141,39.676,30.024,40.61,52.26,34.131,73.28,70.562,115.251,0.0,78.477,113.663,90.397,63.998,97.24,51.87,119.051,32.727,23.693,16.399,95.731,22.648,17.01,39.663,57.976,87.199,84.971,77.22,96.446,52.651,115.061,87.385,91.389,84.977,87.096,59.971,122.617,54.136,46.179,122.758,151.856,98.085,76.941
76.367,14.812,108.841,82.389,49.737,85.162,61.132,95.424,165.819,136.513,76.196,58.137,56.118,38.649,82.196,33.869,75.14,78.529,75.766,22.827,93.255,49.16,82.136,16.005,15.901,62.634,107.13,152.746,41.074,109.415,9.984,111.837,20.747,102.456,81.983,116.078,92.348,92.004,94.485,71.79,103.311,52.554,110.008,49.809,48.932,89.063,56.316,109.99,143.048,30.975,87.84,30.235,71.707,80.778,64.521,72.218,108.073,80.728,115.321,105.669,68.407,30.911,93.668,60.699,53.381,103.9,78.477,0.0,106.348,45.038,57.881,79.961,53.629,58.536,108.372,79.106,87.914,74.38,75.333,92.655,96.408,60.619,162.844,54.534,97.669,52.287,59.392,78.352,95.782,15.744,157.708,162.741,106.166,44.14,129.781,72.744,95.361,88.347,26.538,143.952
29.981,109.962,69.835,81.015,84.923,21.186,47.382,55.634,59.471,64.119,41.01,62.397,63.052,67.699,24.152,72.479,50.882,41.069,41.112,84.739,73.593,57.188,24.432,97.729,93.121,55.886,21.286,46.398,76.26,77.147,116.332,9.155,95.561,30.766,39.855,80.59,119.82,45.676,25.417,106.976,23.241,61.828,34.882,56.539,60.276,117.021,91.502,12.046,36.7,80.139,71.854,86.499,34.641,39.966,93.913,41.008,32.197,25.62,84.827,100.899,73.053,82.963,79.532,45.649,52.967,2.448,113.663,106.348,0.0,61.31,49.665,26.387,88.815,47.812,100.058,89.97,123.1,31.968,110.519,99.221,74.0,55.687,56.496,51.814,36.443,54.061,61.012,27.996,26.278,122.092,51.36,56.393,53.692,66.192,70.905,67.484,10.987,38.193,79.81,37.604
31.329,48.652,63.803,57.749,61.657,40.124,24.116,50.386,120.781,91.475,64.276,46.217,39.786,13.981,37.158,44.597,30.102,64.335,30.728,34.747,50.327,14.348,37.098,36.419,31.811,32.62,62.092,107.708,52.994,64.377,55.022,66.799,34.251,57.418,63.121,71.04,96.554,46.966,49.447,83.71,58.273,40.634,64.97,35.039,37.012,93.755,68.236,64.952,98.01,42.895,48.588,42.155,26.669,63.232,70.647,60.298,63.035,35.69,70.283,77.633,49.787,42.831,56.266,17.117,19.835,58.862,90.397,45.038,61.31,0.0,26.399,34.923,65.549,28.654,76.792,66.704,99.834,29.342,87.253,75.955,51.37,32.421,117.806,9.496,52.631,7.249,37.746,33.314,50.744,60.782,112.67,117.703,61.128,32.22,84.743,44.218,50.323,61.459,18.5,98.914
30.798,61.495,50.96,31.35,35.258,50.521,3.251,37.543,107.938,78.632,90.675,72.616,13.387,40.38,47.925,24.012,17.259,90.734,17.885,36.272,35.374,12.051,25.233,49.262,44.654,6.221,70.951,94.865,26.595,51.534,67.865,53.956,47.094,80.431,89.52,58.197,70.155,34.123,75.082,57.311,72.906,67.033,52.127,61.438,63.411,67.356,41.837,61.711,85.167,31.672,29.959,38.032,24.66,89.631,44.248,86.697,50.192,42.143,57.44,51.234,23.388,34.496,35.787,9.282,6.564,51.253,63.998,57.881,49.665,26.399,0.0,33.242,39.15,55.053,50.491,40.305,73.435,31.733,60.854,49.556,38.527,6.022,104.963,20.973,39.788,32.448,11.347,51.063,37.901,73.625,99.827,104.86,48.285,58.619,71.9,17.819,58.76,87.858,34.087,86.071
3.594,83.575,53.412,64.592,68.5,17.279,30.959,39.211,85.858,56.552,57.433,39.374,46.629,41.312,14.683,51.44,34.459,57.492,24.689,58.352,57.17,30.801,8.009,71.342,66.734,39.463,37.709,72.785,59.837,60.724,89.945,31.876,69.174,47.189,56.278,64.167,103.397,29.253,41.84,90.553,39.664,35.441,30.047,30.152,33.889,100.598,75.079,30.029,63.087,53.752,55.431,60.112,8.582,56.389,77.49,53.455,28.112,8.901,68.404,84.476,56.63,56.576,63.109,23.96,26.678,23.939,97.24,79.961,26.387,34.923,33.242,0.0,72.392,21.811,83.635,73.547,106.677,5.581,94.096,82.798,57.577,39.264,82.883,25.427,20.02,27.674,44.589,17.821,15.821,95.705,77.747,82.78,37.269,39.805,54.482,51.061,25.518,54.616,53.423,63.991
69.948,38.817,85.066,58.614,16.324,89.671,41.433,71.649,142.044,112.738,129.825,111.766,32.343,79.53,87.075,20.952,51.365,129.884,51.991,30.802,69.48,51.201,64.383,37.624,69.53,38.859,110.101,128.971,16.041,85.64,44.225,88.062,74.376,119.581,128.67,92.303,68.573,68.229,114.232,35.011,112.056,106.183,86.233,100.588,102.561,65.288,19.129,100.861,119.273,22.654,64.065,23.394,63.81,128.781,40.746,125.847,84.298,81.293,91.546,81.894,44.632,22.718,69.893,48.432,45.714,90.403,51.87,53.629,88.815,65.549,39.15,72.392,0.0,94.203,84.597,55.331,35.471,70.883,29.222,68.88,72.633,36.844,139.069,60.123,73.894,71.598,35.617,90.213,72.007,42.057,133.933,138.966,82.391,97.769,106.006,48.969,97.91,127.008,73.237,120.177
24.255,62.15,75.223,86.403,90.311,26.626,52.77,61.022,107.283,77.977,35.622,17.563,68.44,19.887,23.66,73.251,56.27,35.681,46.5,63.401,78.981,43.002,29.82,56.579,45.309,61.274,48.594,94.21,81.648,82.535,68.52,53.301,47.749,43.92,34.467,85.978,125.208,51.064,35.949,112.364,44.775,14.016,51.472,8.727,12.464,122.409,96.89,51.454,84.512,71.549,77.242,70.809,30.393,34.578,99.301,31.644,49.537,22.192,90.215,106.287,78.441,71.485,84.92,45.771,48.489,45.364,119.051,58.536,47.812,28.654,55.053,21.811,94.203,0.0,105.446,95.358,128.488,23.32,115.907,104.609,79.388,61.075,104.308,34.08,41.831,22.605,66.4,19.816,37.246,74.28,99.172,104.205,59.08,18.38,76.293,72.872,36.825,32.805,31.998,85.416
81.191,111.986,30.223,25.983,68.273,100.914,52.676,44.424,57.447,35.939,141.068,123.009,52.254,90.773,98.318,74.503,49.176,141.127,58.946,86.763,26.465,62.444,75.626,99.753,95.145,45.738,121.344,56.156,68.556,22.911,118.356,90.903,97.585,130.824,139.913,19.468,19.762,54.382,125.475,49.586,123.299,117.426,65.176,111.831,113.804,19.309,65.468,112.104,81.338,82.163,28.204,88.523,75.053,140.024,43.851,137.09,67.861,92.536,15.231,2.703,39.965,84.987,20.526,59.675,56.957,101.646,32.727,108.372,100.058,76.792,50.491,83.635,84.597,105.446,0.0,29.266,49.126,82.126,55.375,15.717,26.058,47.753,61.44,71.366,63.615,82.841,48.98,101.456,73.78,124.116,71.372,65.339,46.366,109.012,29.153,35.628,109.153,138.251,84.48,63.336
71.103,82.72,29.735,8.955,39.007,90.826,42.588,34.336,86.713,57.407,130.98,112.921,26.918,80.685,88.23,45.237,39.088,131.039,48.858,57.497,16.377,52.356,65.538,70.487,70.685,34.084,111.256,73.64,39.29,30.309,89.09,80.815,75.531,120.736,129.825,36.972,29.85,44.294,115.387,20.32,113.211,107.338,55.088,101.743,103.716,27.051,36.202,102.016,71.25,52.897,18.116,59.257,64.965,129.936,14.585,127.002,57.773,82.448,36.215,26.563,16.917,55.721,14.562,49.587,46.869,91.558,23.693,79.106,89.97,66.704,40.305,73.547,55.331,95.358,29.266,0.0,33.13,72.038,26.109,13.549,17.302,34.283,83.738,61.278,53.527,72.753,28.958,91.368,63.692,94.85,78.602,83.635,36.278,98.924,50.675,22.486,99.065,128.163,74.392,64.846
104.233,73.102,53.265,42.085,38.177,123.956,75.718,67.466,106.573,77.267,164.11,146.051,60.048,113.815,121.36,55.237,72.218,164.169,81.988,65.087,49.507,85.486,98.668,71.909,103.815,67.214,144.386,93.5,46.84,50.169,78.51,113.945,108.661,153.866,162.955,56.832,33.102,77.424,148.517,16.124,146.341,140.468,88.218,134.873,136.846,29.817,31.598,135.146,104.38,56.939,51.246,57.679,98.095,163.066,29.187,160.132,90.903,115.578,56.075,46.423,50.047,57.003,43.568,82.717,79.999,124.688,16.399,87.914,123.1,99.834,73.435,106.677,35.471,128.488,49.126,33.13,0.0,105.168,12.581,33.409,49.1,67.413,103.598,94.408,86.657,105.883,62.088,124.498,96.822,76.342,98.462,103.495,69.408,132.054,70.535,55.616,132.195,161.293,107.522,86.378
1.987,77.994,51.903,63.083,66.991,18.788,29.45,37.702,91.439,62.133,58.942,40.883,45.12,35.731,16.192,49.931,32.95,59.001,23.18,52.771,55.661,25.22,7.756,65.761,61.153,37.954,39.218,78.366,58.328,59.215,84.364,37.457,63.593,48.698,57.787,62.658,101.888,27.744,43.349,89.044,41.173,35.3,35.628,29.705,31.678,99.089,73.57,35.61,68.668,48.229,53.922,54.531,7.073,57.898,75.981,54.964,33.693,10.41,66.895,82.967,55.121,50.995,61.6,22.451,25.169,29.52,95.731,74.38,31.968,29.342,31.733,5.581,70.883,23.32,82.126,72.038,105.168,0.0,92.587,81.289,56.068,37.755,88.464,19.846,23.289,22.093,43.08,19.33,21.402,90.124,83.328,88.361,35.76,34.224,55.401,49.552,27.027,56.125,47.842,69.572
91.652,60.521,55.844,29.504,25.596,111.375,63.137,54.885,112.822,83.516,151.529,133.47,47.467,101.234,108.779,42.656,59.637,151.588,69.407,52.506,40.258,72.905,86.087,59.328,91.234,54.633,131.805,99.749,34.259,56.418,65.929,101.364,96.08,141.285,150.374,63.081,39.351,64.843,135.936,5.789,133.76,127.887,75.637,122.292,124.265,36.066,19.017,122.565,91.799,44.358,38.665,45.098,85.514,150.485,16.606,147.551,78.322,102.997,62.324,52.672,37.466,44.422,40.671,70.136,67.418,112.107,22.648,75.333,110.519,87.253,60.854,94.096,29.222,115.907,55.375,26.109,12.581,92.587,0.0,39.658,43.411,54.832,109.847,81.827,74.076,93.302,49.507,111.917,84.241,68.741,104.711,109.744,56.827,119.473,76.784,43.035,119.614,148.712,94.941,90.955
80.354,96.269,29.386,18.206,52.556,100.077,51.839,43.587,73.164,43.858,140.231,122.172,36.537,89.936,97.481,58.786,48.339,140.29,58.109,71.046,25.628,61.607,74.789,84.036,79.936,43.335,120.507,60.091,52.839,22.074,102.639,90.066,84.782,129.987,139.076,23.423,20.599,53.545,124.638,33.869,122.462,116.589,64.339,110.994,112.967,17.8,49.751,111.267,80.501,66.446,27.367,72.806,74.216,139.187,28.134,136.253,67.024,91.699,22.666,13.014,26.168,69.27,19.689,58.838,56.12,100.809,17.01,92.655,99.221,75.955,49.556,82.798,68.88,104.609,15.717,13.549,33.409,81.289,39.658,0.0,25.221,43.534,70.189,70.529,62.778,82.004,38.209,100.619,72.943,108.399,70.535,70.086,45.529,108.175,37.126,31.737,108.316,137.414,83.643,62.499
55.133,100.022,12.433,14.019,56.309,74.856,35.276,18.366,69.411,40.105,115.01,96.951,40.29,64.715,72.26,62.539,23.118,115.069,32.888,74.799,3.153,47.248,49.568,87.789,83.181,33.774,95.286,56.338,56.592,13.007,106.392,64.845,85.621,104.766,113.855,19.67,45.82,28.324,99.417,37.622,97.241,91.368,39.118,85.773,87.746,43.021,53.504,86.046,55.28,70.199,8.568,76.559,48.995,113.966,31.887,111.032,41.803,66.478,18.913,26.899,28.001,73.023,5.532,35.709,43.027,75.588,39.663,96.408,74.0,51.37,38.527,57.577,72.633,79.388,26.058,17.302,49.1,56.068,43.411,25.221,0.0,35.789,66.436,45.308,37.557,56.783,37.016,75.398,47.722,112.152,61.3,66.333,20.308,82.954,33.373,23.664,83.095,112.193,69.87,47.544
36.82,64.233,48.222,25.328,29.236,56.543,8.305,34.805,105.2,75.894,96.697,78.638,7.365,46.402,53.947,26.75,14.521,96.756,15.147,39.01,32.636,18.073,31.255,52.0,47.392,2.015,76.973,92.127,20.803,48.796,70.603,51.218,49.832,86.453,95.542,55.459,64.133,31.385,81.104,51.289,78.928,73.055,49.389,67.46,69.433,61.334,35.815,67.733,82.429,34.41,27.221,40.77,30.682,95.653,38.226,92.719,47.454,48.165,54.702,45.212,17.366,37.234,33.049,15.304,12.586,57.275,57.976,60.619,55.687,32.421,6.022,39.264,36.844,61.075,47.753,34.283,67.413,37.755,54.832,43.534,35.789,0.0,102.225,26.995,37.05,38.47,5.325,57.085,35.163,76.363,97.089,102.122,45.547,64.641,69.162,12.125,64.782,93.88,40.109,83.333
86.477,166.458,54.003,80.455,122.745,77.682,101.712,67.42,7.717,26.331,91.27,118.893,106.726,124.195,80.648,128.975,87.704,84.315,87.078,141.235,69.589,113.684,80.708,154.225,149.617,100.21,59.904,10.098,123.028,53.429,172.828,51.007,152.057,69.384,80.861,46.766,81.202,70.84,68.359,104.058,61.859,118.324,52.836,113.035,116.772,78.403,119.94,52.854,19.898,136.635,75.004,142.995,91.137,82.066,98.323,97.504,54.771,82.116,47.523,62.281,94.437,139.459,69.176,102.145,109.463,58.944,87.199,162.844,56.496,117.806,104.963,82.883,139.069,104.308,61.44,83.738,103.598,88.464,109.847,70.189,66.436,102.225,0.0,108.31,65.175,110.557,103.452,84.492,67.062,178.588,9.932,3.899,56.678,122.688,33.063,90.1,67.483,76.811,136.306,18.892
21.833,58.148,54.307,52.323,56.231,30.628,18.69,40.89,111.285,81.979,69.702,51.643,34.36,19.407,27.662,39.171,22.19,69.761,21.232,32.925,44.901,8.922,27.602,45.915,41.307,27.194,52.596,98.212,47.568,54.881,64.518,57.303,43.747,59.458,68.547,61.544,91.128,37.47,54.109,78.284,51.933,46.06,55.474,40.465,42.438,88.329,62.81,55.456,88.514,37.469,43.162,36.729,17.173,68.658,65.221,65.724,53.539,26.194,60.787,72.207,44.361,37.405,50.84,11.691,14.409,49.366,84.971,54.534,51.814,9.496,20.973,25.427,60.123,34.08,71.366,61.278,94.408,19.846,81.827,70.529,45.308,26.995,108.31,0.0,43.135,11.475,32.32,30.09,41.248,70.278,103.174,108.207,51.632,37.646,75.247,38.792,40.827,66.885,27.996,89.418
21.302,101.283,33.392,44.572,57.57,37.299,36.537,19.191,68.15,38.844,77.453,59.394,41.551,59.02,34.703,63.8,22.529,77.512,21.903,76.06,37.15,48.509,15.533,89.05,84.442,35.035,57.729,55.077,57.853,40.704,107.653,27.288,86.882,67.209,76.298,44.147,83.377,9.233,61.86,70.533,59.684,53.811,12.339,48.216,51.597,80.578,55.059,48.489,45.379,71.46,35.411,77.82,25.962,76.409,57.47,73.475,10.404,28.921,48.384,64.456,36.61,74.284,43.089,36.97,44.288,38.031,77.22,97.669,36.443,52.631,39.788,20.02,73.894,41.831,63.615,53.527,86.657,23.289,74.076,62.778,37.557,37.05,65.175,43.135,0.0,45.382,38.277,37.841,10.165,113.413,60.039,65.072,17.249,57.513,34.462,31.041,45.538,74.636,71.131,46.283
24.08,55.901,56.554,63.798,67.706,32.875,30.165,43.137,113.532,84.226,58.227,40.168,45.835,13.638,29.909,50.646,33.665,58.286,23.895,40.796,56.376,20.397,29.849,43.668,39.06,38.669,54.843,100.459,59.043,59.93,62.271,59.55,41.5,50.169,57.072,63.791,102.603,39.717,42.634,89.759,51.024,34.585,57.721,28.99,30.963,99.804,74.285,57.703,90.761,48.944,54.637,48.204,19.42,57.183,76.696,54.249,55.786,28.441,67.61,83.682,55.836,48.88,62.315,23.166,25.884,51.613,96.446,52.287,54.061,7.249,32.448,27.674,71.598,22.605,82.841,72.753,105.883,22.093,93.302,82.004,56.783,38.47,110.557,11.475,45.382,0.0,43.795,26.065,43.495,68.031,105.421,110.454,53.879,26.171,77.494,50.267,43.074,55.41,25.749,91.665
42.145,63.006,49.449,22.997,23.911,61.868,13.63,36.032,106.427,77.121,102.022,83.963,3.274,51.727,59.272,25.523,15.748,102.081,19.9,37.783,33.863,23.398,36.58,50.773,46.165,5.126,82.298,93.354,19.576,50.023,69.376,52.445,48.605,91.778,100.867,56.686,58.808,32.612,86.429,45.964,84.253,78.38,50.616,72.785,74.758,56.009,30.49,73.058,83.656,33.183,28.448,39.543,36.007,100.978,32.901,98.044,48.681,53.49,55.929,46.277,12.041,36.007,34.276,20.629,17.911,62.6,52.651,59.392,61.012,37.746,11.347,44.589,35.617,66.4,48.98,28.958,62.088,43.08,49.507,38.209,37.016,5.325,103.452,32.32,38.277,43.795,0.0,62.41,36.39,75.136,98.316,103.349,46.774,69.966,70.389,13.352,70.107,99.205,45.434,84.56
20.265,81.966,71.233,82.413,86.321,6.81,48.78,57.032,87.467,65.517,39.612,34.401,64.45,39.703,3.844,69.261,52.28,39.671,42.51,59.411,74.991,39.012,25.83,69.733,65.125,57.284,28.778,74.394,77.658,78.545,88.336,33.485,67.565,29.368,38.457,81.988,121.218,47.074,24.019,108.374,24.959,33.832,36.28,28.543,32.28,118.419,92.9,31.638,64.696,67.559,73.252,66.819,26.403,38.568,95.311,35.634,33.595,8.92,86.225,102.297,74.451,67.495,80.93,41.781,44.499,25.548,115.061,78.352,27.996,33.314,51.063,17.821,90.213,19.816,101.456,91.368,124.498,19.33,111.917,100.619,75.398,57.085,84.492,30.09,37.841,26.065,62.41,0.0,27.676,94.096,79.356,84.389,55.09,38.196,72.303,68.882,17.009,36.795,51.814,65.6
19.415,99.396,43.557,54.737,58.645,27.134,34.65,29.356,70.037,40.731,67.288,51.831,39.664,57.133,24.538,61.913,24.604,67.347,20.016,74.173,47.315,46.622,13.646,87.163,82.555,33.148,47.564,56.964,55.966,50.869,105.766,17.123,84.995,57.044,66.133,54.312,93.542,19.398,51.695,80.698,49.519,51.262,14.226,45.973,49.71,90.743,65.224,38.324,47.266,69.573,45.576,75.933,24.075,66.244,67.635,63.31,12.291,18.756,58.549,74.621,46.775,72.397,53.254,35.083,42.401,27.866,87.385,95.782,26.278,50.744,37.901,15.821,72.007,37.246,73.78,63.692,96.822,21.402,84.241,72.943,47.722,35.163,67.062,41.248,10.165,43.495,36.39,27.676,0.0,111.526,61.926,66.959,27.414,55.626,44.627,41.206,35.373,64.471,69.244,48.17
92.111,12.13,124.585,98.133,55.843,100.906,76.876,111.168,181.563,152.257,87.768,69.709,71.862,54.393,97.94,49.613,90.884,94.273,91.51,37.353,108.999,64.904,97.88,24.363,28.971,78.378,122.874,168.49,55.56,125.159,5.76,127.581,32.319,118.2,97.727,131.822,108.092,107.748,110.229,74.53,119.055,64.126,125.752,65.553,61.816,104.807,58.648,125.734,158.792,41.953,103.584,35.593,87.451,96.522,80.265,83.79,123.817,96.472,131.065,121.413,84.151,39.129,109.412,76.443,69.125,119.644,91.389,15.744,122.092,60.782,73.625,95.705,42.057,74.28,124.116,94.85,76.342,90.124,68.741,108.399,112.152,76.363,178.588,70.278,113.413,68.031,75.136,94.096,111.526,0.0,173.452,178.485,121.91,55.9,145.525,88.488,111.105,104.091,42.282,159.696
81.341,161.322,48.867,75.319,117.609,72.546,96.576,62.284,17.649,35.433,86.134,113.757,101.59,119.059,75.512,123.839,82.568,79.179,81.942,136.099,64.453,108.548,75.572,149.089,144.481,95.074,50.578,15.216,117.892,48.461,167.692,45.871,146.921,59.452,75.725,51.904,91.134,65.704,63.223,98.922,54.397,113.188,47.7,107.899,111.636,88.335,114.804,47.718,14.66,131.499,69.868,137.859,86.001,76.93,93.187,92.368,49.635,76.98,56.141,72.213,89.301,134.323,64.04,97.009,104.327,53.808,84.977,157.708,51.36,112.67,99.827,77.747,133.933,99.172,71.372,78.602,98.462,83.328,104.711,70.535,61.3,97.089,9.932,103.174,60.039,105.421,98.316,79.356,61.926,173.452,0.0,6.033,51.542,117.552,42.219,84.964,62.347,69.361,131.17,13.756
86.374,166.355,53.9,80.352,122.642,77.579,101.609,67.317,11.616,29.4,91.167,118.79,106.623,124.092,80.545,128.872,87.601,84.212,86.975,141.132,69.486,113.581,80.605,154.122,149.514,100.107,56.005,9.995,122.925,53.326,172.725,50.904,151.954,65.485,80.758,46.663,85.101,70.737,68.256,103.955,59.43,118.221,52.733,112.932,116.669,82.302,119.837,52.751,19.693,136.532,74.901,142.892,91.034,81.963,98.22,97.401,54.668,82.013,50.108,66.18,94.334,139.356,69.073,102.042,109.36,58.841,87.096,162.741,56.393,117.703,104.86,82.78,138.966,104.205,65.339,83.635,103.495,88.361,109.744,70.086,66.333,102.122,3.899,108.207,65.072,110.454,103.349,84.389,66.959,178.485,6.033,0.0,56.575,122.585,36.186,89.997,67.38,74.394,136.203,18.789
34.825,109.78,16.143,27.323,66.067,54.548,45.034,10.742,59.653,30.347,94.702,76.643,50.048,67.517,51.952,72.297,31.026,94.761,30.4,84.557,19.901,57.006,29.26,97.547,92.939,43.532,74.978,46.58,66.35,23.455,116.15,44.537,95.379,84.458,93.547,26.898,66.128,14.162,79.109,53.284,76.933,71.06,18.81,65.465,67.438,63.329,63.262,65.738,36.882,79.957,18.326,86.317,34.459,93.658,41.645,90.724,21.495,46.17,31.135,47.207,37.759,82.781,25.84,45.467,52.785,55.28,59.971,106.166,53.692,61.128,48.285,37.269,82.391,59.08,46.366,36.278,69.408,35.76,56.827,45.529,20.308,45.547,56.678,51.632,17.249,53.879,46.774,55.09,27.414,121.91,51.542,56.575,0.0,66.01,23.615,33.422,62.787,91.885,79.628,37.786
36.211,58.952,78.789,89.969,93.877,45.006,56.336,64.588,125.663,96.357,32.056,13.997,72.006,18.239,42.04,76.817,59.836,38.373,50.066,66.967,82.547,46.568,41.98,60.145,28.239,64.84,66.974,112.59,85.214,86.101,53.544,71.681,29.369,62.3,41.827,89.544,128.774,54.63,54.329,115.93,63.155,8.414,69.852,9.653,5.916,125.975,100.456,69.834,102.892,75.115,80.808,74.375,33.959,40.622,102.867,28.078,67.917,40.572,93.781,109.853,82.007,75.051,88.486,49.337,52.055,63.744,122.617,44.14,66.192,32.22,58.619,39.805,97.769,18.38,109.012,98.924,132.054,34.224,119.473,108.175,82.954,64.641,122.688,37.646,57.513,26.171,69.966,38.196,55.626,55.9,117.552,122.585,66.01,0.0,89.625,76.438,55.205,48.191,24.532,103.796
53.414,133.395,20.94,47.392,89.682,71.761,68.649,34.357,36.038,6.786,111.915,93.856,73.663,91.132,69.165,95.912,54.641,111.974,54.015,108.172,36.526,80.621,47.645,121.162,116.554,67.147,92.191,27.003,89.965,20.366,139.765,61.75,118.994,101.671,110.76,13.703,48.915,37.777,96.322,70.995,94.146,88.273,36.023,82.678,84.651,46.116,86.877,82.951,52.185,103.572,41.941,109.932,58.074,110.871,65.26,107.937,38.708,63.383,14.46,29.994,61.374,106.396,36.113,69.082,76.4,72.493,54.136,129.781,70.905,84.743,71.9,54.482,106.006,76.293,29.153,50.675,70.535,55.401,76.784,37.126,33.373,69.162,33.063,75.247,34.462,77.494,70.389,72.303,44.627,145.525,42.219,36.186,23.615,89.625,0.0,57.037,80.0,109.098,103.243,34.183
48.617,76.358,36.097,13.531,32.645,68.34,20.102,22.68,93.075,63.769,108.494,90.435,16.626,58.199,65.744,38.875,16.602,108.553,26.372,51.135,20.511,29.87,43.052,64.125,59.517,11.598,88.77,80.002,32.928,36.671,82.728,58.329,61.957,98.25,107.339,43.334,52.336,21.808,92.901,39.492,90.725,84.852,37.264,79.257,81.23,49.537,29.84,79.53,70.304,46.535,15.096,52.895,42.479,107.45,26.429,104.516,35.329,59.962,42.577,33.415,5.569,49.359,20.924,27.101,24.383,69.072,46.179,72.744,67.484,44.218,17.819,51.061,48.969,72.872,35.628,22.486,55.616,49.552,43.035,31.737,23.664,12.125,90.1,38.792,31.041,50.267,13.352,68.882,41.206,88.488,84.964,89.997,33.422,76.438,57.037,0.0,76.579,105.677,51.906,71.208
27.962,98.975,78.93,90.11,94.018,10.199,56.477,64.729,70.458,73.214,31.915,51.41,72.147,56.712,13.165,76.958,59.977,31.974,50.207,73.752,82.688,46.709,33.527,86.742,82.134,64.981,12.191,57.385,85.355,86.242,105.345,18.25,84.574,21.671,30.76,89.685,128.915,54.771,16.322,116.071,14.146,50.841,43.977,45.552,49.289,126.116,100.597,14.629,47.687,75.256,80.949,75.512,34.1,30.871,103.008,30.021,41.292,16.617,93.922,109.994,82.148,75.192,88.627,49.478,52.196,8.539,122.758,95.361,10.987,50.323,58.76,25.518,97.91,36.825,109.153,99.065,132.195,27.027,119.614,108.316,83.095,64.782,67.483,40.827,45.538,43.074,70.107,17.009,35.373,111.105,62.347,67.38,62.787,55.205,80.0,76.579,0.0,29.098,68.823,48.591
57.06,91.961,108.028,119.208,123.116,37.337,85.575,93.827,84.528,102.312,16.773,44.396,101.245,49.698,39.933,106.056,89.075,9.818,79.305,96.206,111.786,75.807,62.625,89.384,75.12,94.079,18.783,82.095,114.453,115.34,98.331,47.348,77.56,14.109,6.364,118.783,158.013,83.869,12.776,145.169,14.964,43.827,73.075,38.538,42.275,155.214,129.695,26.147,56.913,104.354,110.047,103.614,63.198,7.569,132.106,23.007,70.39,45.715,123.02,139.092,111.246,104.29,117.725,78.576,81.294,36.605,151.856,88.347,38.193,61.459,87.858,54.616,127.008,32.805,138.251,128.163,161.293,56.125,148.712,137.414,112.193,93.88,76.811,66.885,74.636,55.41,99.205,36.795,64.471,104.091,69.361,74.394,91.885,48.191,109.098,105.677,29.098,0.0,61.809,74.915
49.829,34.42,82.303,65.437,69.345,58.624,34.594,68.886,139.281,109.975,56.588,38.529,47.474,12.111,55.658,52.285,48.602,56.647,49.228,42.435,66.717,22.622,55.598,35.613,13.311,40.308,80.592,126.208,60.682,82.877,36.522,85.299,15.751,75.918,55.445,89.54,104.242,65.466,67.947,91.398,76.773,32.946,83.47,27.351,29.324,101.443,75.924,83.452,116.51,50.583,61.302,49.843,45.169,55.544,78.335,52.61,81.535,54.19,88.783,85.321,57.475,50.519,67.13,34.161,27.523,77.362,98.085,26.538,79.81,18.5,34.087,53.423,73.237,31.998,84.48,74.392,107.522,47.842,94.941,83.643,69.87,40.109,136.306,27.996,71.131,25.749,45.434,51.814,69.244,42.282,131.17,136.203,79.628,24.532,103.243,51.906,68.823,61.809,0.0,117.414
67.585,147.566,35.111,61.563,103.853,58.79,82.82,48.528,21.867,27.397,77.732,100.001,87.834,105.303,61.756,110.083,68.812,77.791,68.186,122.343,50.697,94.792,61.816,135.333,130.725,81.318,58.008,8.794,104.136,40.425,153.936,32.115,133.165,67.488,76.577,43.868,83.098,51.948,62.139,85.166,59.963,99.432,33.944,94.143,97.88,80.299,101.048,48.768,18.002,117.743,56.112,124.103,72.245,76.688,79.431,78.612,35.879,63.224,48.105,64.177,75.545,120.567,50.284,83.253,90.571,40.052,76.941,143.952,37.604,98.914,86.071,63.991,120.177,85.416,63.336,64.846,86.378,69.572,90.955,62.499,47.544,83.333,18.892,89.418,46.283,91.665,84.56,65.6,48.17,159.696,13.756,18.789,37.786,103.796,34.183,71.208,48.591,74.915,117.414,0.0
